{
  "full_preview": {
    "base_bridge_preview": null,
    "base_scenario_reference": null,
    "display_artifacts": {
      "__version": 2,
      "segmentation": {
        "json": {
          "metadata": {
            "accessible_by_pivot": true,
            "artifacts": [
              {
                "file": "seg_nat_3_1.py",
                "size": 1559,
                "snippet": "#!/usr/bin/env python3\nimport subprocess, shlex\ndef run(cmd: str):\n    try:\n        subprocess.check_call(shlex.split(cmd))\n"
              },
              {
                "file": "seg_protect_internal_2_1.py",
                "size": 1388,
                "snippet": "#!/usr/bin/env python3\nimport subprocess, shlex\ndef run(cmd: str):\n    try:\n        subprocess.check_call(shlex.split(cmd))\n"
              },
              {
                "file": "seg_subnet_block_2_1.py",
                "size": 1383,
                "snippet": "#!/usr/bin/env python3\nimport subprocess, shlex\ndef run(cmd: str):\n    try:\n        subprocess.check_call(shlex.split(cmd))\n"
              },
              {
                "file": "segmentation_summary.json",
                "size": 3115,
                "snippet": "{\n  \"rules\": [\n    {\n      \"node_id\": 3,\n      \"service\": \"Segmentation\",\n"
              }
            ],
            "copied_files": [
              "seg_nat_3_1.py",
              "seg_protect_internal_2_1.py",
              "seg_subnet_block_2_1.py",
              "segmentation_summary.json"
            ],
            "density": 0.45,
            "note": "Segmentation preview produced by runtime planner logic.",
            "out_dir": "/var/folders/k7/gcvn2q_x0sv4q78sglqf5p0c0000gn/T/scenarioforge-preview-seg-793857018",
            "pivot_access": {
              "added_node_count": 1,
              "allow_rules": [
                {
                  "node_id": 1,
                  "rule": {
                    "chain": "FORWARD",
                    "dst": "10.0.61.5",
                    "port": 80,
                    "proto": "tcp",
                    "reason": "pivot-access",
                    "src": "0.0.0.0/0",
                    "type": "allow"
                  },
                  "service": "Segmentation"
                },
                {
                  "node_id": 2,
                  "rule": {
                    "chain": "FORWARD",
                    "dst": "10.0.61.5",
                    "port": 80,
                    "proto": "tcp",
                    "reason": "pivot-access",
                    "src": "0.0.0.0/0",
                    "type": "allow"
                  },
                  "service": "Segmentation"
                },
                {
                  "node_id": 3,
                  "rule": {
                    "chain": "FORWARD",
                    "dst": "10.0.61.5",
                    "port": 80,
                    "proto": "tcp",
                    "reason": "pivot-access",
                    "src": "0.0.0.0/0",
                    "type": "allow"
                  },
                  "service": "Segmentation"
                },
                {
                  "node_id": 11,
                  "rule": {
                    "chain": "INPUT",
                    "dst": "10.0.61.5",
                    "port": 80,
                    "proto": "tcp",
                    "reason": "pivot-access",
                    "src": "0.0.0.0/0",
                    "type": "allow"
                  },
                  "service": "Segmentation"
                },
                {
                  "node_id": 1,
                  "rule": {
                    "chain": "FORWARD",
                    "dst": "10.188.244.2",
                    "port": 2222,
                    "proto": "tcp",
                    "reason": "pivot-access",
                    "src": "0.0.0.0/0",
                    "type": "allow"
                  },
                  "service": "Segmentation"
                },
                {
                  "node_id": 2,
                  "rule": {
                    "chain": "FORWARD",
                    "dst": "10.188.244.2",
                    "port": 2222,
                    "proto": "tcp",
                    "reason": "pivot-access",
                    "src": "0.0.0.0/0",
                    "type": "allow"
                  },
                  "service": "Segmentation"
                },
                {
                  "node_id": 3,
                  "rule": {
                    "chain": "FORWARD",
                    "dst": "10.188.244.2",
                    "port": 2222,
                    "proto": "tcp",
                    "reason": "pivot-access",
                    "src": "0.0.0.0/0",
                    "type": "allow"
                  },
                  "service": "Segmentation"
                },
                {
                  "node_id": 18,
                  "rule": {
                    "chain": "INPUT",
                    "dst": "10.188.244.2",
                    "port": 2222,
                    "proto": "tcp",
                    "reason": "pivot-access",
                    "src": "0.0.0.0/0",
                    "type": "allow"
                  },
                  "service": "Segmentation"
                }
              ],
              "nested_candidates": [
                {
                  "note": "reaching this subnet's provider would mean working through another walled-off subnet first; that ordering is not enforced, so both providers are directly reachable",
                  "reached_through": [
                    "10.188.244.0/24"
                  ],
                  "subnet": "10.0.61.0/24"
                }
              ],
              "nested_supported": false,
              "provider_count": 2,
              "providers": [
                {
                  "added": false,
                  "address": "10.0.61.5",
                  "blocked_from": [
                    "10.188.244.0/24"
                  ],
                  "consumes_slot": false,
                  "entry": {
                    "kind": "vulnerability",
                    "label": "drupal/CVE-2019-6341",
                    "port": 80,
                    "protocol": "tcp"
                  },
                  "image": "",
                  "needs_service": false,
                  "node_id": 11,
                  "node_name": "docker-8",
                  "reused": true,
                  "role": "Docker",
                  "subnet": "10.0.61.0/24"
                },
                {
                  "added": true,
                  "address": "10.188.244.2",
                  "blocked_from": [
                    "*"
                  ],
                  "consumes_slot": false,
                  "entry": {
                    "kind": "ssh",
                    "label": "SSH",
                    "port": 2222,
                    "protocol": "tcp"
                  },
                  "image": "lscr.io/linuxserver/openssh-server:latest",
                  "needs_service": false,
                  "node_id": 18,
                  "node_name": "pivot-10-188-244-0",
                  "reused": false,
                  "role": "Docker",
                  "subnet": "10.188.244.0/24"
                }
              ],
              "reused_count": 1,
              "unresolved": []
            },
            "planned": [
              "nat",
              "protect_internal",
              "subnet_block"
            ],
            "planned_slots": 3,
            "runtime_copied": true,
            "runtime_dir": "/tmp/segmentation",
            "runtime_summary": {
              "rules": [
                {
                  "node_id": 3,
                  "rule": {
                    "default_deny": true,
                    "effect": {
                      "blocks": false,
                      "blocks_from": "",
                      "default_deny_chain": "FORWARD",
                      "enforced_by": 3,
                      "invert_source": false,
                      "protects": "",
                      "scope": "transit"
                    },
                    "egress_ip": "10.188.244.1",
                    "external": "10.0.61.0/24",
                    "internal": "10.188.244.0/24",
                    "mode": "SNAT",
                    "node": 3,
                    "script_spec": {
                      "chain": "FORWARD",
                      "commands": [
                        "iptables -t nat -A POSTROUTING -s 10.188.244.0/24 -d 10.0.61.0/24 -j SNAT --to-source 10.188.244.1"
                      ],
                      "comment": "# Enforce default deny on FORWARD and allow established/related",
                      "kind": "nat",
                      "pre_accepts": [
                        "iptables -A FORWARD -s 10.188.244.0/24 -d 10.0.61.0/24 -j ACCEPT"
                      ],
                      "tag": "segmentation-nat"
                    },
                    "svc": "NAT",
                    "type": "nat"
                  },
                  "script": "/var/folders/k7/gcvn2q_x0sv4q78sglqf5p0c0000gn/T/scenarioforge-preview-seg-793857018/seg_nat_3_1.py",
                  "service": "Segmentation"
                },
                {
                  "node_id": 2,
                  "rule": {
                    "chain": "FORWARD",
                    "default_deny": true,
                    "effect": {
                      "blocks": true,
                      "blocks_from": "10.188.244.0/24",
                      "default_deny_chain": "FORWARD",
                      "enforced_by": 2,
                      "invert_source": true,
                      "protects": "10.188.244.0/24",
                      "scope": "transit"
                    },
                    "node": 2,
                    "script_spec": {
                      "chain": "FORWARD",
                      "commands": [
                        "iptables -A FORWARD ! -s 10.188.244.0/24 -d 10.188.244.0/24 -j DROP"
                      ],
                      "kind": "firewall",
                      "pre_accepts": [],
                      "tag": "segmentation-forward"
                    },
                    "subnet": "10.188.244.0/24",
                    "svc": "Firewall",
                    "type": "protect_internal"
                  },
                  "script": "/var/folders/k7/gcvn2q_x0sv4q78sglqf5p0c0000gn/T/scenarioforge-preview-seg-793857018/seg_protect_internal_2_1.py",
                  "service": "Segmentation"
                },
                {
                  "node_id": 2,
                  "rule": {
                    "chain": "FORWARD",
                    "default_deny": true,
                    "dst": "10.0.61.0/24",
                    "effect": {
                      "blocks": true,
                      "blocks_from": "10.188.244.0/24",
                      "default_deny_chain": "FORWARD",
                      "enforced_by": 2,
                      "invert_source": false,
                      "protects": "10.0.61.0/24",
                      "scope": "transit"
                    },
                    "node": 2,
                    "script_spec": {
                      "chain": "FORWARD",
                      "commands": [
                        "iptables -A FORWARD -s 10.188.244.0/24 -d 10.0.61.0/24 -j DROP"
                      ],
                      "kind": "firewall",
                      "pre_accepts": [],
                      "tag": "segmentation-forward"
                    },
                    "src": "10.188.244.0/24",
                    "svc": "Firewall",
                    "type": "subnet_block"
                  },
                  "script": "/var/folders/k7/gcvn2q_x0sv4q78sglqf5p0c0000gn/T/scenarioforge-preview-seg-793857018/seg_subnet_block_2_1.py",
                  "service": "Segmentation"
                }
              ]
            },
            "scripts_hash_sha256": "4218de717daaaf809764f6d85497371ee914c685aa5d57d1b81e23f0e9b7d88b",
            "settings": {
              "accessible_by_pivot": true,
              "allow_dst_subnet_prob": 0.3,
              "allow_src_subnet_prob": 0.3,
              "dnat_probability": 0.0,
              "include_hosts": false,
              "nat_mode": "SNAT",
              "pivot_provider": "ssh"
            },
            "source": "runtime_planner"
          },
          "rules": [
            {
              "detail": {
                "default_deny": true,
                "effect": {
                  "blocks": false,
                  "blocks_from": "",
                  "default_deny_chain": "FORWARD",
                  "enforced_by": 3,
                  "invert_source": false,
                  "protects": "",
                  "scope": "transit"
                },
                "egress_ip": "10.188.244.1",
                "external": "10.0.61.0/24",
                "internal": "10.188.244.0/24",
                "mode": "SNAT",
                "node": 3,
                "script_spec": {
                  "chain": "FORWARD",
                  "commands": [
                    "iptables -t nat -A POSTROUTING -s 10.188.244.0/24 -d 10.0.61.0/24 -j SNAT --to-source 10.188.244.1"
                  ],
                  "comment": "# Enforce default deny on FORWARD and allow established/related",
                  "kind": "nat",
                  "pre_accepts": [
                    "iptables -A FORWARD -s 10.188.244.0/24 -d 10.0.61.0/24 -j ACCEPT"
                  ],
                  "tag": "segmentation-nat"
                },
                "svc": "NAT",
                "type": "nat"
              },
              "node_id": 3,
              "summary": "SNAT 10.188.244.0/24 -> 10.0.61.0/24",
              "type": "nat"
            },
            {
              "detail": {
                "chain": "FORWARD",
                "default_deny": true,
                "effect": {
                  "blocks": true,
                  "blocks_from": "10.188.244.0/24",
                  "default_deny_chain": "FORWARD",
                  "enforced_by": 2,
                  "invert_source": true,
                  "protects": "10.188.244.0/24",
                  "scope": "transit"
                },
                "node": 2,
                "script_spec": {
                  "chain": "FORWARD",
                  "commands": [
                    "iptables -A FORWARD ! -s 10.188.244.0/24 -d 10.188.244.0/24 -j DROP"
                  ],
                  "kind": "firewall",
                  "pre_accepts": [],
                  "tag": "segmentation-forward"
                },
                "subnet": "10.188.244.0/24",
                "svc": "Firewall",
                "type": "protect_internal"
              },
              "node_id": 2,
              "summary": "protect_internal",
              "type": "protect_internal"
            },
            {
              "detail": {
                "chain": "FORWARD",
                "default_deny": true,
                "dst": "10.0.61.0/24",
                "effect": {
                  "blocks": true,
                  "blocks_from": "10.188.244.0/24",
                  "default_deny_chain": "FORWARD",
                  "enforced_by": 2,
                  "invert_source": false,
                  "protects": "10.0.61.0/24",
                  "scope": "transit"
                },
                "node": 2,
                "script_spec": {
                  "chain": "FORWARD",
                  "commands": [
                    "iptables -A FORWARD -s 10.188.244.0/24 -d 10.0.61.0/24 -j DROP"
                  ],
                  "kind": "firewall",
                  "pre_accepts": [],
                  "tag": "segmentation-forward"
                },
                "src": "10.188.244.0/24",
                "svc": "Firewall",
                "type": "subnet_block"
              },
              "node_id": 2,
              "summary": "subnet_block: 10.188.244.0/24 -> 10.0.61.0/24",
              "type": "subnet_block"
            }
          ],
          "rules_count": 3,
          "types_summary": {
            "nat": 1,
            "protect_internal": 1,
            "subnet_block": 1
          }
        },
        "rows": [
          {
            "node_id": 3,
            "summary": "SNAT 10.188.244.0/24 -> 10.0.61.0/24",
            "type": "nat"
          },
          {
            "node_id": 2,
            "summary": "protect_internal",
            "type": "protect_internal"
          },
          {
            "node_id": 2,
            "summary": "subnet_block: 10.188.244.0/24 -> 10.0.61.0/24",
            "type": "subnet_block"
          }
        ],
        "tableRows": [
          {
            "detail": {
              "default_deny": true,
              "effect": {
                "blocks": false,
                "blocks_from": "",
                "default_deny_chain": "FORWARD",
                "enforced_by": 3,
                "invert_source": false,
                "protects": "",
                "scope": "transit"
              },
              "egress_ip": "10.188.244.1",
              "external": "10.0.61.0/24",
              "internal": "10.188.244.0/24",
              "mode": "SNAT",
              "node": 3,
              "script_spec": {
                "chain": "FORWARD",
                "commands": [
                  "iptables -t nat -A POSTROUTING -s 10.188.244.0/24 -d 10.0.61.0/24 -j SNAT --to-source 10.188.244.1"
                ],
                "comment": "# Enforce default deny on FORWARD and allow established/related",
                "kind": "nat",
                "pre_accepts": [
                  "iptables -A FORWARD -s 10.188.244.0/24 -d 10.0.61.0/24 -j ACCEPT"
                ],
                "tag": "segmentation-nat"
              },
              "svc": "NAT",
              "type": "nat"
            },
            "dst": null,
            "external": "10.0.61.0/24",
            "internal": "10.188.244.0/24",
            "node_id": 3,
            "port": null,
            "proto": null,
            "script_name": "seg_nat_3_1.py",
            "script_path": "/var/folders/k7/gcvn2q_x0sv4q78sglqf5p0c0000gn/T/scenarioforge-preview-seg-793857018/seg_nat_3_1.py",
            "src": null,
            "subnet": null,
            "summary": "SNAT 10.188.244.0/24 -> 10.0.61.0/24",
            "type": "nat"
          },
          {
            "detail": {
              "chain": "FORWARD",
              "default_deny": true,
              "effect": {
                "blocks": true,
                "blocks_from": "10.188.244.0/24",
                "default_deny_chain": "FORWARD",
                "enforced_by": 2,
                "invert_source": true,
                "protects": "10.188.244.0/24",
                "scope": "transit"
              },
              "node": 2,
              "script_spec": {
                "chain": "FORWARD",
                "commands": [
                  "iptables -A FORWARD ! -s 10.188.244.0/24 -d 10.188.244.0/24 -j DROP"
                ],
                "kind": "firewall",
                "pre_accepts": [],
                "tag": "segmentation-forward"
              },
              "subnet": "10.188.244.0/24",
              "svc": "Firewall",
              "type": "protect_internal"
            },
            "dst": null,
            "external": null,
            "internal": null,
            "node_id": 2,
            "port": null,
            "proto": null,
            "script_name": "seg_protect_internal_2_1.py",
            "script_path": "/var/folders/k7/gcvn2q_x0sv4q78sglqf5p0c0000gn/T/scenarioforge-preview-seg-793857018/seg_protect_internal_2_1.py",
            "src": null,
            "subnet": "10.188.244.0/24",
            "summary": "protect_internal",
            "type": "protect_internal"
          },
          {
            "detail": {
              "chain": "FORWARD",
              "default_deny": true,
              "dst": "10.0.61.0/24",
              "effect": {
                "blocks": true,
                "blocks_from": "10.188.244.0/24",
                "default_deny_chain": "FORWARD",
                "enforced_by": 2,
                "invert_source": false,
                "protects": "10.0.61.0/24",
                "scope": "transit"
              },
              "node": 2,
              "script_spec": {
                "chain": "FORWARD",
                "commands": [
                  "iptables -A FORWARD -s 10.188.244.0/24 -d 10.0.61.0/24 -j DROP"
                ],
                "kind": "firewall",
                "pre_accepts": [],
                "tag": "segmentation-forward"
              },
              "src": "10.188.244.0/24",
              "svc": "Firewall",
              "type": "subnet_block"
            },
            "dst": "10.0.61.0/24",
            "external": null,
            "internal": null,
            "node_id": 2,
            "port": null,
            "proto": null,
            "script_name": "seg_subnet_block_2_1.py",
            "script_path": "/var/folders/k7/gcvn2q_x0sv4q78sglqf5p0c0000gn/T/scenarioforge-preview-seg-793857018/seg_subnet_block_2_1.py",
            "src": "10.188.244.0/24",
            "subnet": null,
            "summary": "subnet_block: 10.188.244.0/24 -> 10.0.61.0/24",
            "type": "subnet_block"
          }
        ],
        "table_rows": [
          {
            "detail": {
              "default_deny": true,
              "effect": {
                "blocks": false,
                "blocks_from": "",
                "default_deny_chain": "FORWARD",
                "enforced_by": 3,
                "invert_source": false,
                "protects": "",
                "scope": "transit"
              },
              "egress_ip": "10.188.244.1",
              "external": "10.0.61.0/24",
              "internal": "10.188.244.0/24",
              "mode": "SNAT",
              "node": 3,
              "script_spec": {
                "chain": "FORWARD",
                "commands": [
                  "iptables -t nat -A POSTROUTING -s 10.188.244.0/24 -d 10.0.61.0/24 -j SNAT --to-source 10.188.244.1"
                ],
                "comment": "# Enforce default deny on FORWARD and allow established/related",
                "kind": "nat",
                "pre_accepts": [
                  "iptables -A FORWARD -s 10.188.244.0/24 -d 10.0.61.0/24 -j ACCEPT"
                ],
                "tag": "segmentation-nat"
              },
              "svc": "NAT",
              "type": "nat"
            },
            "dst": null,
            "external": "10.0.61.0/24",
            "internal": "10.188.244.0/24",
            "node_id": 3,
            "port": null,
            "proto": null,
            "script_name": "seg_nat_3_1.py",
            "script_path": "/var/folders/k7/gcvn2q_x0sv4q78sglqf5p0c0000gn/T/scenarioforge-preview-seg-793857018/seg_nat_3_1.py",
            "src": null,
            "subnet": null,
            "summary": "SNAT 10.188.244.0/24 -> 10.0.61.0/24",
            "type": "nat"
          },
          {
            "detail": {
              "chain": "FORWARD",
              "default_deny": true,
              "effect": {
                "blocks": true,
                "blocks_from": "10.188.244.0/24",
                "default_deny_chain": "FORWARD",
                "enforced_by": 2,
                "invert_source": true,
                "protects": "10.188.244.0/24",
                "scope": "transit"
              },
              "node": 2,
              "script_spec": {
                "chain": "FORWARD",
                "commands": [
                  "iptables -A FORWARD ! -s 10.188.244.0/24 -d 10.188.244.0/24 -j DROP"
                ],
                "kind": "firewall",
                "pre_accepts": [],
                "tag": "segmentation-forward"
              },
              "subnet": "10.188.244.0/24",
              "svc": "Firewall",
              "type": "protect_internal"
            },
            "dst": null,
            "external": null,
            "internal": null,
            "node_id": 2,
            "port": null,
            "proto": null,
            "script_name": "seg_protect_internal_2_1.py",
            "script_path": "/var/folders/k7/gcvn2q_x0sv4q78sglqf5p0c0000gn/T/scenarioforge-preview-seg-793857018/seg_protect_internal_2_1.py",
            "src": null,
            "subnet": "10.188.244.0/24",
            "summary": "protect_internal",
            "type": "protect_internal"
          },
          {
            "detail": {
              "chain": "FORWARD",
              "default_deny": true,
              "dst": "10.0.61.0/24",
              "effect": {
                "blocks": true,
                "blocks_from": "10.188.244.0/24",
                "default_deny_chain": "FORWARD",
                "enforced_by": 2,
                "invert_source": false,
                "protects": "10.0.61.0/24",
                "scope": "transit"
              },
              "node": 2,
              "script_spec": {
                "chain": "FORWARD",
                "commands": [
                  "iptables -A FORWARD -s 10.188.244.0/24 -d 10.0.61.0/24 -j DROP"
                ],
                "kind": "firewall",
                "pre_accepts": [],
                "tag": "segmentation-forward"
              },
              "src": "10.188.244.0/24",
              "svc": "Firewall",
              "type": "subnet_block"
            },
            "dst": "10.0.61.0/24",
            "external": null,
            "internal": null,
            "node_id": 2,
            "port": null,
            "proto": null,
            "script_name": "seg_subnet_block_2_1.py",
            "script_path": "/var/folders/k7/gcvn2q_x0sv4q78sglqf5p0c0000gn/T/scenarioforge-preview-seg-793857018/seg_subnet_block_2_1.py",
            "src": "10.188.244.0/24",
            "subnet": null,
            "summary": "subnet_block: 10.188.244.0/24 -> 10.0.61.0/24",
            "type": "subnet_block"
          }
        ]
      }
    },
    "display_artifacts_version": 2,
    "docker_capacity_repair": {
      "added_docker_hosts": 4,
      "challenge_capacity": 4,
      "current_docker_hosts": 0,
      "flag_gen_slots": 0,
      "required_docker_hosts": 4,
      "required_flag_node_generator_hosts": 3,
      "required_vulnerability_hosts": 1,
      "vulnerability_slots": 0
    },
    "flag_node_generators_by_node": {
      "12": "ssh_password_finance_terminal",
      "13": "git_http_bare_repo",
      "14": "git_deploy_key_repo"
    },
    "flag_node_generators_plan": {
      "git_deploy_key_repo": 1,
      "git_http_bare_repo": 1,
      "ssh_password_finance_terminal": 1
    },
    "hitl_enabled": false,
    "hitl_existing_router_interfaces": [],
    "hitl_interfaces": [],
    "hitl_router_count": 0,
    "hitl_router_ids": [],
    "hitl_scenario_key": "datasetsegmentedfirewallpivotrun02",
    "host_router_map": {
      "4": 1,
      "5": 2,
      "6": 3,
      "7": 1,
      "8": 2,
      "9": 3,
      "10": 1,
      "11": 2,
      "12": 3,
      "13": 1,
      "14": 2,
      "18": 3
    },
    "hosts": [
      {
        "ip4": "172.22.176.3/24",
        "is_base_bridge": false,
        "kind": "host",
        "metadata": {},
        "name": "workstation-1",
        "node_id": 4,
        "r2r_interfaces": {},
        "role": "Workstation",
        "vulnerabilities": []
      },
      {
        "ip4": "10.0.61.3/24",
        "is_base_bridge": false,
        "kind": "host",
        "metadata": {},
        "name": "workstation-2",
        "node_id": 5,
        "r2r_interfaces": {},
        "role": "Workstation",
        "vulnerabilities": []
      },
      {
        "ip4": "10.188.244.3/24",
        "is_base_bridge": false,
        "kind": "host",
        "metadata": {},
        "name": "workstation-3",
        "node_id": 6,
        "r2r_interfaces": {},
        "role": "Workstation",
        "vulnerabilities": []
      },
      {
        "ip4": "172.22.176.4/24",
        "is_base_bridge": false,
        "kind": "host",
        "metadata": {},
        "name": "workstation-4",
        "node_id": 7,
        "r2r_interfaces": {},
        "role": "Workstation",
        "vulnerabilities": []
      },
      {
        "ip4": "10.0.61.4/24",
        "is_base_bridge": false,
        "kind": "host",
        "metadata": {},
        "name": "workstation-5",
        "node_id": 8,
        "r2r_interfaces": {},
        "role": "Workstation",
        "vulnerabilities": []
      },
      {
        "ip4": "10.188.244.4/24",
        "is_base_bridge": false,
        "kind": "host",
        "metadata": {},
        "name": "workstation-6",
        "node_id": 9,
        "r2r_interfaces": {},
        "role": "Workstation",
        "vulnerabilities": []
      },
      {
        "ip4": "172.22.176.5/24",
        "is_base_bridge": false,
        "kind": "host",
        "metadata": {},
        "name": "workstation-7",
        "node_id": 10,
        "r2r_interfaces": {},
        "role": "Workstation",
        "vulnerabilities": []
      },
      {
        "ip4": "10.0.61.5/24",
        "is_base_bridge": false,
        "kind": "host",
        "metadata": {},
        "name": "docker-8",
        "node_id": 11,
        "r2r_interfaces": {},
        "role": "Docker",
        "vulnerabilities": [
          "drupal/CVE-2019-6341"
        ]
      },
      {
        "ip4": "10.188.244.5/24",
        "is_base_bridge": false,
        "kind": "host",
        "metadata": {
          "flag_node_generator_id": "ssh_password_finance_terminal"
        },
        "name": "docker-9",
        "node_id": 12,
        "r2r_interfaces": {},
        "role": "Docker",
        "vulnerabilities": []
      },
      {
        "ip4": "172.22.176.6/24",
        "is_base_bridge": false,
        "kind": "host",
        "metadata": {
          "flag_node_generator_id": "git_http_bare_repo"
        },
        "name": "docker-10",
        "node_id": 13,
        "r2r_interfaces": {},
        "role": "Docker",
        "vulnerabilities": []
      },
      {
        "ip4": "10.0.61.6/24",
        "is_base_bridge": false,
        "kind": "host",
        "metadata": {
          "flag_node_generator_id": "git_deploy_key_repo"
        },
        "name": "docker-11",
        "node_id": 14,
        "r2r_interfaces": {},
        "role": "Docker",
        "vulnerabilities": []
      },
      {
        "ip4": "10.188.244.2/24",
        "is_base_bridge": false,
        "kind": "host",
        "metadata": {
          "pivot_access_provider": {
            "consumes_slot": false,
            "image": "lscr.io/linuxserver/openssh-server:latest",
            "kind": "ssh",
            "label": "SSH",
            "port": 2222,
            "protocol": "tcp",
            "subnet": "10.188.244.0/24"
          }
        },
        "name": "pivot-10-188-244-0",
        "node_id": 18,
        "r2r_interfaces": {},
        "role": "Docker",
        "vulnerabilities": []
      }
    ],
    "ip_allocation_mode": "lan_subnet",
    "lan_subnets": [
      "172.22.176.0/24",
      "10.0.61.0/24",
      "10.188.244.0/24"
    ],
    "layout_positions": {
      "hosts": {
        "10": {
          "x": 639,
          "y": 500
        },
        "11": {
          "x": 1639,
          "y": 500
        },
        "12": {
          "x": 639,
          "y": 1500
        },
        "13": {
          "x": 808,
          "y": 331
        },
        "14": {
          "x": 1808,
          "y": 331
        },
        "18": {
          "x": 808,
          "y": 1331
        },
        "4": {
          "x": 977,
          "y": 500
        },
        "5": {
          "x": 1940,
          "y": 500
        },
        "6": {
          "x": 977,
          "y": 1500
        },
        "7": {
          "x": 808,
          "y": 669
        },
        "8": {
          "x": 1808,
          "y": 669
        },
        "9": {
          "x": 808,
          "y": 1669
        }
      },
      "routers": {
        "1": {
          "x": 500,
          "y": 500
        },
        "2": {
          "x": 1500,
          "y": 500
        },
        "3": {
          "x": 500,
          "y": 1500
        }
      },
      "switches": {
        "15": {
          "x": 808,
          "y": 500
        },
        "16": {
          "x": 1808,
          "y": 500
        },
        "17": {
          "x": 808,
          "y": 1500
        }
      }
    },
    "pivoting_plan": {
      "density": 1.0,
      "items_count": 1,
      "raw_items_serialized": [
        {
          "access_provider": "ssh-fallback",
          "exposure": "pivot-only",
          "factor": 1.0,
          "pivot_node": "",
          "pivot_role": "",
          "selected": "Firewall",
          "source_scope": "host",
          "target_node": "",
          "target_ports": "",
          "target_protocols": "",
          "target_role": ""
        }
      ]
    },
    "ptp_subnets": [],
    "r2r_degree_preview": {
      "1": 2,
      "2": 2,
      "3": 2
    },
    "r2r_edges_preview": [
      [
        1,
        2
      ],
      [
        1,
        3
      ],
      [
        2,
        3
      ]
    ],
    "r2r_links_preview": [
      {
        "edge_id": 1,
        "routers": [
          {
            "id": 1,
            "ip": "172.18.225.1/24"
          },
          {
            "id": 2,
            "ip": "172.18.225.2/24"
          }
        ],
        "subnet": "172.18.225.0/24"
      },
      {
        "edge_id": 2,
        "routers": [
          {
            "id": 1,
            "ip": "192.168.49.1/24"
          },
          {
            "id": 3,
            "ip": "192.168.49.2/24"
          }
        ],
        "subnet": "192.168.49.0/24"
      },
      {
        "edge_id": 3,
        "routers": [
          {
            "id": 2,
            "ip": "10.71.18.1/24"
          },
          {
            "id": 3,
            "ip": "10.71.18.2/24"
          }
        ],
        "subnet": "10.71.18.0/24"
      }
    ],
    "r2r_policy_preview": {
      "degree_sequence": {
        "1": 2,
        "2": 2,
        "3": 2
      },
      "mode": "Uniform",
      "target_degree": 2
    },
    "r2r_stats_preview": {
      "avg": 2.0,
      "max": 2,
      "min": 2
    },
    "r2r_subnets": [
      "172.18.225.0/24",
      "192.168.49.0/24",
      "10.71.18.0/24"
    ],
    "r2s_grouping_preview": [
      {
        "bounds": {
          "max": null,
          "min": null
        },
        "group_sizes": [
          4
        ],
        "groups": [
          [
            4,
            7,
            10,
            13
          ]
        ],
        "host_ids": [
          4,
          7,
          10,
          13
        ],
        "protocol": "",
        "router_id": 1
      },
      {
        "bounds": {
          "max": null,
          "min": null
        },
        "group_sizes": [
          4
        ],
        "groups": [
          [
            5,
            8,
            11,
            14
          ]
        ],
        "host_ids": [
          5,
          8,
          11,
          14
        ],
        "protocol": "",
        "router_id": 2
      },
      {
        "bounds": {
          "max": null,
          "min": null
        },
        "group_sizes": [
          3
        ],
        "groups": [
          [
            6,
            9,
            12
          ]
        ],
        "host_ids": [
          6,
          9,
          12
        ],
        "protocol": "",
        "router_id": 3
      }
    ],
    "r2s_hosts_max_list": [],
    "r2s_hosts_min_list": [],
    "r2s_policy_preview": {
      "counts": {
        "1": 1,
        "2": 1,
        "3": 1
      },
      "host_pair_saturation": 1.0,
      "host_pairs_possible": {
        "1": 2,
        "2": 2,
        "3": 1
      },
      "host_pairs_possible_total": 5,
      "host_pairs_used": {
        "1": 2,
        "2": 2,
        "3": 1
      },
      "host_pairs_used_total": 5,
      "mode": "ratio",
      "per_router_bounds": {
        "1": {
          "max": null,
          "min": null
        },
        "2": {
          "max": null,
          "min": null
        },
        "3": {
          "max": null,
          "min": null
        }
      },
      "target_per_router": 0
    },
    "role_counts": {
      "Docker": 4,
      "Workstation": 7
    },
    "router_plan": {
      "count_based_component": 3,
      "density_component": 0,
      "density_raw": 0.0,
      "effective_base": 7,
      "final_router_count": 3,
      "has_weight_based": false,
      "items": [
        {
          "abs_count": 3,
          "classification": "count",
          "factor": 0.0,
          "index": 0,
          "protocol": ""
        }
      ],
      "random_defaults": [
        "RIP",
        "RIPNG",
        "BGP",
        "OSPFv2",
        "OSPFv3"
      ],
      "random_weight_factor": 0.0,
      "routing_density_input": 0.0,
      "routing_items_count": 1,
      "simple_plan": {}
    },
    "router_plan_stats": {
      "router_count_input": 3
    },
    "router_switch_subnets": [
      "172.22.176.0/24",
      "10.0.61.0/24",
      "10.188.244.0/24"
    ],
    "routers": [
      {
        "ip4": "172.22.176.1/24",
        "is_base_bridge": false,
        "kind": "router",
        "metadata": {},
        "name": "router-1",
        "node_id": 1,
        "r2r_interfaces": {
          "2": "172.18.225.1/24",
          "3": "192.168.49.1/24"
        },
        "role": "Router",
        "vulnerabilities": []
      },
      {
        "ip4": "10.0.61.1/24",
        "is_base_bridge": false,
        "kind": "router",
        "metadata": {},
        "name": "router-2",
        "node_id": 2,
        "r2r_interfaces": {
          "1": "172.18.225.2/24",
          "3": "10.71.18.1/24"
        },
        "role": "Router",
        "vulnerabilities": []
      },
      {
        "ip4": "10.188.244.1/24",
        "is_base_bridge": false,
        "kind": "router",
        "metadata": {},
        "name": "router-3",
        "node_id": 3,
        "r2r_interfaces": {
          "1": "192.168.49.2/24",
          "2": "10.71.18.2/24"
        },
        "role": "Router",
        "vulnerabilities": []
      }
    ],
    "routing_plan": {},
    "seed": 793857018,
    "seed_generated": false,
    "segmentation_items_resolved": [
      {
        "abs_count": 1,
        "factor": 1.0,
        "selected": "Firewall"
      },
      {
        "abs_count": 1,
        "factor": 1.0,
        "selected": "NAT"
      }
    ],
    "segmentation_preview": {
      "accessible_by_pivot": true,
      "artifacts": [
        {
          "file": "seg_nat_3_1.py",
          "size": 1559,
          "snippet": "#!/usr/bin/env python3\nimport subprocess, shlex\ndef run(cmd: str):\n    try:\n        subprocess.check_call(shlex.split(cmd))\n"
        },
        {
          "file": "seg_protect_internal_2_1.py",
          "size": 1388,
          "snippet": "#!/usr/bin/env python3\nimport subprocess, shlex\ndef run(cmd: str):\n    try:\n        subprocess.check_call(shlex.split(cmd))\n"
        },
        {
          "file": "seg_subnet_block_2_1.py",
          "size": 1383,
          "snippet": "#!/usr/bin/env python3\nimport subprocess, shlex\ndef run(cmd: str):\n    try:\n        subprocess.check_call(shlex.split(cmd))\n"
        },
        {
          "file": "segmentation_summary.json",
          "size": 3115,
          "snippet": "{\n  \"rules\": [\n    {\n      \"node_id\": 3,\n      \"service\": \"Segmentation\",\n"
        }
      ],
      "copied_files": [
        "seg_nat_3_1.py",
        "seg_protect_internal_2_1.py",
        "seg_subnet_block_2_1.py",
        "segmentation_summary.json"
      ],
      "density": 0.45,
      "note": "Segmentation preview produced by runtime planner logic.",
      "out_dir": "/var/folders/k7/gcvn2q_x0sv4q78sglqf5p0c0000gn/T/scenarioforge-preview-seg-793857018",
      "pivot_access": {
        "added_node_count": 1,
        "allow_rules": [
          {
            "node_id": 1,
            "rule": {
              "chain": "FORWARD",
              "dst": "10.0.61.5",
              "port": 80,
              "proto": "tcp",
              "reason": "pivot-access",
              "src": "0.0.0.0/0",
              "type": "allow"
            },
            "service": "Segmentation"
          },
          {
            "node_id": 2,
            "rule": {
              "chain": "FORWARD",
              "dst": "10.0.61.5",
              "port": 80,
              "proto": "tcp",
              "reason": "pivot-access",
              "src": "0.0.0.0/0",
              "type": "allow"
            },
            "service": "Segmentation"
          },
          {
            "node_id": 3,
            "rule": {
              "chain": "FORWARD",
              "dst": "10.0.61.5",
              "port": 80,
              "proto": "tcp",
              "reason": "pivot-access",
              "src": "0.0.0.0/0",
              "type": "allow"
            },
            "service": "Segmentation"
          },
          {
            "node_id": 11,
            "rule": {
              "chain": "INPUT",
              "dst": "10.0.61.5",
              "port": 80,
              "proto": "tcp",
              "reason": "pivot-access",
              "src": "0.0.0.0/0",
              "type": "allow"
            },
            "service": "Segmentation"
          },
          {
            "node_id": 1,
            "rule": {
              "chain": "FORWARD",
              "dst": "10.188.244.2",
              "port": 2222,
              "proto": "tcp",
              "reason": "pivot-access",
              "src": "0.0.0.0/0",
              "type": "allow"
            },
            "service": "Segmentation"
          },
          {
            "node_id": 2,
            "rule": {
              "chain": "FORWARD",
              "dst": "10.188.244.2",
              "port": 2222,
              "proto": "tcp",
              "reason": "pivot-access",
              "src": "0.0.0.0/0",
              "type": "allow"
            },
            "service": "Segmentation"
          },
          {
            "node_id": 3,
            "rule": {
              "chain": "FORWARD",
              "dst": "10.188.244.2",
              "port": 2222,
              "proto": "tcp",
              "reason": "pivot-access",
              "src": "0.0.0.0/0",
              "type": "allow"
            },
            "service": "Segmentation"
          },
          {
            "node_id": 18,
            "rule": {
              "chain": "INPUT",
              "dst": "10.188.244.2",
              "port": 2222,
              "proto": "tcp",
              "reason": "pivot-access",
              "src": "0.0.0.0/0",
              "type": "allow"
            },
            "service": "Segmentation"
          }
        ],
        "nested_candidates": [
          {
            "note": "reaching this subnet's provider would mean working through another walled-off subnet first; that ordering is not enforced, so both providers are directly reachable",
            "reached_through": [
              "10.188.244.0/24"
            ],
            "subnet": "10.0.61.0/24"
          }
        ],
        "nested_supported": false,
        "provider_count": 2,
        "providers": [
          {
            "added": false,
            "address": "10.0.61.5",
            "blocked_from": [
              "10.188.244.0/24"
            ],
            "consumes_slot": false,
            "entry": {
              "kind": "vulnerability",
              "label": "drupal/CVE-2019-6341",
              "port": 80,
              "protocol": "tcp"
            },
            "image": "",
            "needs_service": false,
            "node_id": 11,
            "node_name": "docker-8",
            "reused": true,
            "role": "Docker",
            "subnet": "10.0.61.0/24"
          },
          {
            "added": true,
            "address": "10.188.244.2",
            "blocked_from": [
              "*"
            ],
            "consumes_slot": false,
            "entry": {
              "kind": "ssh",
              "label": "SSH",
              "port": 2222,
              "protocol": "tcp"
            },
            "image": "lscr.io/linuxserver/openssh-server:latest",
            "needs_service": false,
            "node_id": 18,
            "node_name": "pivot-10-188-244-0",
            "reused": false,
            "role": "Docker",
            "subnet": "10.188.244.0/24"
          }
        ],
        "reused_count": 1,
        "unresolved": []
      },
      "planned": [
        "nat",
        "protect_internal",
        "subnet_block"
      ],
      "planned_slots": 3,
      "rules": [
        {
          "node_id": 3,
          "rule": {
            "default_deny": true,
            "effect": {
              "blocks": false,
              "blocks_from": "",
              "default_deny_chain": "FORWARD",
              "enforced_by": 3,
              "invert_source": false,
              "protects": "",
              "scope": "transit"
            },
            "egress_ip": "10.188.244.1",
            "external": "10.0.61.0/24",
            "internal": "10.188.244.0/24",
            "mode": "SNAT",
            "node": 3,
            "script_spec": {
              "chain": "FORWARD",
              "commands": [
                "iptables -t nat -A POSTROUTING -s 10.188.244.0/24 -d 10.0.61.0/24 -j SNAT --to-source 10.188.244.1"
              ],
              "comment": "# Enforce default deny on FORWARD and allow established/related",
              "kind": "nat",
              "pre_accepts": [
                "iptables -A FORWARD -s 10.188.244.0/24 -d 10.0.61.0/24 -j ACCEPT"
              ],
              "tag": "segmentation-nat"
            },
            "svc": "NAT",
            "type": "nat"
          },
          "script": "/var/folders/k7/gcvn2q_x0sv4q78sglqf5p0c0000gn/T/scenarioforge-preview-seg-793857018/seg_nat_3_1.py"
        },
        {
          "node_id": 2,
          "rule": {
            "chain": "FORWARD",
            "default_deny": true,
            "effect": {
              "blocks": true,
              "blocks_from": "10.188.244.0/24",
              "default_deny_chain": "FORWARD",
              "enforced_by": 2,
              "invert_source": true,
              "protects": "10.188.244.0/24",
              "scope": "transit"
            },
            "node": 2,
            "script_spec": {
              "chain": "FORWARD",
              "commands": [
                "iptables -A FORWARD ! -s 10.188.244.0/24 -d 10.188.244.0/24 -j DROP"
              ],
              "kind": "firewall",
              "pre_accepts": [],
              "tag": "segmentation-forward"
            },
            "subnet": "10.188.244.0/24",
            "svc": "Firewall",
            "type": "protect_internal"
          },
          "script": "/var/folders/k7/gcvn2q_x0sv4q78sglqf5p0c0000gn/T/scenarioforge-preview-seg-793857018/seg_protect_internal_2_1.py"
        },
        {
          "node_id": 2,
          "rule": {
            "chain": "FORWARD",
            "default_deny": true,
            "dst": "10.0.61.0/24",
            "effect": {
              "blocks": true,
              "blocks_from": "10.188.244.0/24",
              "default_deny_chain": "FORWARD",
              "enforced_by": 2,
              "invert_source": false,
              "protects": "10.0.61.0/24",
              "scope": "transit"
            },
            "node": 2,
            "script_spec": {
              "chain": "FORWARD",
              "commands": [
                "iptables -A FORWARD -s 10.188.244.0/24 -d 10.0.61.0/24 -j DROP"
              ],
              "kind": "firewall",
              "pre_accepts": [],
              "tag": "segmentation-forward"
            },
            "src": "10.188.244.0/24",
            "svc": "Firewall",
            "type": "subnet_block"
          },
          "script": "/var/folders/k7/gcvn2q_x0sv4q78sglqf5p0c0000gn/T/scenarioforge-preview-seg-793857018/seg_subnet_block_2_1.py"
        }
      ],
      "runtime_copied": true,
      "runtime_dir": "/tmp/segmentation",
      "runtime_summary": {
        "rules": [
          {
            "node_id": 3,
            "rule": {
              "default_deny": true,
              "effect": {
                "blocks": false,
                "blocks_from": "",
                "default_deny_chain": "FORWARD",
                "enforced_by": 3,
                "invert_source": false,
                "protects": "",
                "scope": "transit"
              },
              "egress_ip": "10.188.244.1",
              "external": "10.0.61.0/24",
              "internal": "10.188.244.0/24",
              "mode": "SNAT",
              "node": 3,
              "script_spec": {
                "chain": "FORWARD",
                "commands": [
                  "iptables -t nat -A POSTROUTING -s 10.188.244.0/24 -d 10.0.61.0/24 -j SNAT --to-source 10.188.244.1"
                ],
                "comment": "# Enforce default deny on FORWARD and allow established/related",
                "kind": "nat",
                "pre_accepts": [
                  "iptables -A FORWARD -s 10.188.244.0/24 -d 10.0.61.0/24 -j ACCEPT"
                ],
                "tag": "segmentation-nat"
              },
              "svc": "NAT",
              "type": "nat"
            },
            "script": "/var/folders/k7/gcvn2q_x0sv4q78sglqf5p0c0000gn/T/scenarioforge-preview-seg-793857018/seg_nat_3_1.py",
            "service": "Segmentation"
          },
          {
            "node_id": 2,
            "rule": {
              "chain": "FORWARD",
              "default_deny": true,
              "effect": {
                "blocks": true,
                "blocks_from": "10.188.244.0/24",
                "default_deny_chain": "FORWARD",
                "enforced_by": 2,
                "invert_source": true,
                "protects": "10.188.244.0/24",
                "scope": "transit"
              },
              "node": 2,
              "script_spec": {
                "chain": "FORWARD",
                "commands": [
                  "iptables -A FORWARD ! -s 10.188.244.0/24 -d 10.188.244.0/24 -j DROP"
                ],
                "kind": "firewall",
                "pre_accepts": [],
                "tag": "segmentation-forward"
              },
              "subnet": "10.188.244.0/24",
              "svc": "Firewall",
              "type": "protect_internal"
            },
            "script": "/var/folders/k7/gcvn2q_x0sv4q78sglqf5p0c0000gn/T/scenarioforge-preview-seg-793857018/seg_protect_internal_2_1.py",
            "service": "Segmentation"
          },
          {
            "node_id": 2,
            "rule": {
              "chain": "FORWARD",
              "default_deny": true,
              "dst": "10.0.61.0/24",
              "effect": {
                "blocks": true,
                "blocks_from": "10.188.244.0/24",
                "default_deny_chain": "FORWARD",
                "enforced_by": 2,
                "invert_source": false,
                "protects": "10.0.61.0/24",
                "scope": "transit"
              },
              "node": 2,
              "script_spec": {
                "chain": "FORWARD",
                "commands": [
                  "iptables -A FORWARD -s 10.188.244.0/24 -d 10.0.61.0/24 -j DROP"
                ],
                "kind": "firewall",
                "pre_accepts": [],
                "tag": "segmentation-forward"
              },
              "src": "10.188.244.0/24",
              "svc": "Firewall",
              "type": "subnet_block"
            },
            "script": "/var/folders/k7/gcvn2q_x0sv4q78sglqf5p0c0000gn/T/scenarioforge-preview-seg-793857018/seg_subnet_block_2_1.py",
            "service": "Segmentation"
          }
        ]
      },
      "scripts_hash_sha256": "4218de717daaaf809764f6d85497371ee914c685aa5d57d1b81e23f0e9b7d88b",
      "settings": {
        "accessible_by_pivot": true,
        "allow_dst_subnet_prob": 0.3,
        "allow_src_subnet_prob": 0.3,
        "dnat_probability": 0.0,
        "include_hosts": false,
        "nat_mode": "SNAT",
        "pivot_provider": "ssh"
      },
      "source": "runtime_planner"
    },
    "segmentation_rules_preview": [
      {
        "node_id": 3,
        "rule": {
          "default_deny": true,
          "effect": {
            "blocks": false,
            "blocks_from": "",
            "default_deny_chain": "FORWARD",
            "enforced_by": 3,
            "invert_source": false,
            "protects": "",
            "scope": "transit"
          },
          "egress_ip": "10.188.244.1",
          "external": "10.0.61.0/24",
          "internal": "10.188.244.0/24",
          "mode": "SNAT",
          "node": 3,
          "script_spec": {
            "chain": "FORWARD",
            "commands": [
              "iptables -t nat -A POSTROUTING -s 10.188.244.0/24 -d 10.0.61.0/24 -j SNAT --to-source 10.188.244.1"
            ],
            "comment": "# Enforce default deny on FORWARD and allow established/related",
            "kind": "nat",
            "pre_accepts": [
              "iptables -A FORWARD -s 10.188.244.0/24 -d 10.0.61.0/24 -j ACCEPT"
            ],
            "tag": "segmentation-nat"
          },
          "svc": "NAT",
          "type": "nat"
        },
        "script": "/var/folders/k7/gcvn2q_x0sv4q78sglqf5p0c0000gn/T/scenarioforge-preview-seg-793857018/seg_nat_3_1.py"
      },
      {
        "node_id": 2,
        "rule": {
          "chain": "FORWARD",
          "default_deny": true,
          "effect": {
            "blocks": true,
            "blocks_from": "10.188.244.0/24",
            "default_deny_chain": "FORWARD",
            "enforced_by": 2,
            "invert_source": true,
            "protects": "10.188.244.0/24",
            "scope": "transit"
          },
          "node": 2,
          "script_spec": {
            "chain": "FORWARD",
            "commands": [
              "iptables -A FORWARD ! -s 10.188.244.0/24 -d 10.188.244.0/24 -j DROP"
            ],
            "kind": "firewall",
            "pre_accepts": [],
            "tag": "segmentation-forward"
          },
          "subnet": "10.188.244.0/24",
          "svc": "Firewall",
          "type": "protect_internal"
        },
        "script": "/var/folders/k7/gcvn2q_x0sv4q78sglqf5p0c0000gn/T/scenarioforge-preview-seg-793857018/seg_protect_internal_2_1.py"
      },
      {
        "node_id": 2,
        "rule": {
          "chain": "FORWARD",
          "default_deny": true,
          "dst": "10.0.61.0/24",
          "effect": {
            "blocks": true,
            "blocks_from": "10.188.244.0/24",
            "default_deny_chain": "FORWARD",
            "enforced_by": 2,
            "invert_source": false,
            "protects": "10.0.61.0/24",
            "scope": "transit"
          },
          "node": 2,
          "script_spec": {
            "chain": "FORWARD",
            "commands": [
              "iptables -A FORWARD -s 10.188.244.0/24 -d 10.0.61.0/24 -j DROP"
            ],
            "kind": "firewall",
            "pre_accepts": [],
            "tag": "segmentation-forward"
          },
          "src": "10.188.244.0/24",
          "svc": "Firewall",
          "type": "subnet_block"
        },
        "script": "/var/folders/k7/gcvn2q_x0sv4q78sglqf5p0c0000gn/T/scenarioforge-preview-seg-793857018/seg_subnet_block_2_1.py"
      }
    ],
    "services_plan": {
      "HTTP": 3,
      "SSH": 3
    },
    "services_preview": {
      "4": [
        "HTTP"
      ],
      "5": [
        "HTTP"
      ],
      "7": [
        "SSH"
      ],
      "8": [
        "SSH"
      ],
      "9": [
        "HTTP"
      ],
      "10": [
        "SSH"
      ]
    },
    "switches": [
      {
        "ip4": null,
        "is_base_bridge": false,
        "kind": "switch",
        "metadata": {},
        "name": "rsw-1-1",
        "node_id": 15,
        "r2r_interfaces": {},
        "role": "Switch",
        "vulnerabilities": []
      },
      {
        "ip4": null,
        "is_base_bridge": false,
        "kind": "switch",
        "metadata": {},
        "name": "rsw-2-1",
        "node_id": 16,
        "r2r_interfaces": {},
        "role": "Switch",
        "vulnerabilities": []
      },
      {
        "ip4": null,
        "is_base_bridge": false,
        "kind": "switch",
        "metadata": {},
        "name": "rsw-3-1",
        "node_id": 17,
        "r2r_interfaces": {},
        "role": "Switch",
        "vulnerabilities": []
      }
    ],
    "switches_detail": [
      {
        "host_if_ips": {
          "4": "172.22.176.3/24",
          "7": "172.22.176.4/24",
          "10": "172.22.176.5/24",
          "13": "172.22.176.6/24"
        },
        "hosts": [
          4,
          7,
          10,
          13
        ],
        "lan_subnet": "172.22.176.0/24",
        "router_id": 1,
        "router_ip": "172.22.176.1/24",
        "rsw_subnet": "172.22.176.0/24",
        "switch_id": 15,
        "switch_ip": null
      },
      {
        "host_if_ips": {
          "5": "10.0.61.3/24",
          "8": "10.0.61.4/24",
          "11": "10.0.61.5/24",
          "14": "10.0.61.6/24"
        },
        "hosts": [
          5,
          8,
          11,
          14
        ],
        "lan_subnet": "10.0.61.0/24",
        "router_id": 2,
        "router_ip": "10.0.61.1/24",
        "rsw_subnet": "10.0.61.0/24",
        "switch_id": 16,
        "switch_ip": null
      },
      {
        "host_if_ips": {
          "6": "10.188.244.3/24",
          "9": "10.188.244.4/24",
          "12": "10.188.244.5/24",
          "18": "10.188.244.2/24"
        },
        "hosts": [
          6,
          9,
          12,
          18
        ],
        "lan_subnet": "10.188.244.0/24",
        "router_id": 3,
        "router_ip": "10.188.244.1/24",
        "rsw_subnet": "10.188.244.0/24",
        "switch_id": 17,
        "switch_ip": null
      }
    ],
    "traffic_plan": [
      {
        "abs_count": 0,
        "content": "text",
        "factor": 0.6666666666666666,
        "kind": "TCP",
        "pattern": "continuous",
        "rate_kbps": 128
      },
      {
        "abs_count": 0,
        "content": "text",
        "factor": 0.6666666666666666,
        "kind": "UDP",
        "pattern": "continuous",
        "rate_kbps": 128
      },
      {
        "abs_count": 0,
        "content": "text",
        "factor": 0.6666666666666666,
        "kind": "CUSTOM",
        "pattern": "continuous",
        "rate_kbps": 128
      }
    ],
    "traffic_scripts_preview": {
      "copied_files": [
        "traffic-agent-linux-amd64",
        "traffic-agent-linux-arm64",
        "traffic_10.json",
        "traffic_11.json",
        "traffic_12.json",
        "traffic_13.json",
        "traffic_4.json",
        "traffic_5.json",
        "traffic_6.json",
        "traffic_7.json",
        "traffic_9.json",
        "traffic_summary.json"
      ],
      "density_est": 0.6666666666666666,
      "final_dir_hint": "/tmp/traffic",
      "nodes": {
        "10": {
          "count": 1,
          "paths": [
            "/var/folders/k7/gcvn2q_x0sv4q78sglqf5p0c0000gn/T/scenarioforge-preview-traffic-793857018/traffic_10.json"
          ]
        },
        "11": {
          "count": 1,
          "paths": [
            "/var/folders/k7/gcvn2q_x0sv4q78sglqf5p0c0000gn/T/scenarioforge-preview-traffic-793857018/traffic_11.json"
          ]
        },
        "12": {
          "count": 1,
          "paths": [
            "/var/folders/k7/gcvn2q_x0sv4q78sglqf5p0c0000gn/T/scenarioforge-preview-traffic-793857018/traffic_12.json"
          ]
        },
        "13": {
          "count": 1,
          "paths": [
            "/var/folders/k7/gcvn2q_x0sv4q78sglqf5p0c0000gn/T/scenarioforge-preview-traffic-793857018/traffic_13.json"
          ]
        },
        "4": {
          "count": 1,
          "paths": [
            "/var/folders/k7/gcvn2q_x0sv4q78sglqf5p0c0000gn/T/scenarioforge-preview-traffic-793857018/traffic_4.json"
          ]
        },
        "5": {
          "count": 1,
          "paths": [
            "/var/folders/k7/gcvn2q_x0sv4q78sglqf5p0c0000gn/T/scenarioforge-preview-traffic-793857018/traffic_5.json"
          ]
        },
        "6": {
          "count": 1,
          "paths": [
            "/var/folders/k7/gcvn2q_x0sv4q78sglqf5p0c0000gn/T/scenarioforge-preview-traffic-793857018/traffic_6.json"
          ]
        },
        "7": {
          "count": 1,
          "paths": [
            "/var/folders/k7/gcvn2q_x0sv4q78sglqf5p0c0000gn/T/scenarioforge-preview-traffic-793857018/traffic_7.json"
          ]
        },
        "9": {
          "count": 1,
          "paths": [
            "/var/folders/k7/gcvn2q_x0sv4q78sglqf5p0c0000gn/T/scenarioforge-preview-traffic-793857018/traffic_9.json"
          ]
        }
      },
      "note": "Preview scripts will be copied to runtime dir for reuse (unified preview/runtime).",
      "predicted_allow_rules": [
        {
          "node_id": 12,
          "rule": {
            "chain": "INPUT",
            "dst": "10.188.244.0/24",
            "port": 5012,
            "proto": "tcp",
            "src": "10.0.61.3",
            "type": "allow"
          },
          "script": "/var/folders/k7/gcvn2q_x0sv4q78sglqf5p0c0000gn/T/scenarioforge-preview-allow-793857018/seg_allow_12_1.py",
          "service": "Segmentation"
        },
        {
          "node_id": 5,
          "rule": {
            "chain": "OUTPUT",
            "dst": "10.188.244.0/24",
            "port": 5012,
            "proto": "tcp",
            "src": "10.0.61.3",
            "type": "allow"
          },
          "script": "/var/folders/k7/gcvn2q_x0sv4q78sglqf5p0c0000gn/T/scenarioforge-preview-allow-793857018/seg_allow_5_1.py",
          "service": "Segmentation"
        },
        {
          "node_id": 1,
          "rule": {
            "chain": "FORWARD",
            "dst": "10.188.244.0/24",
            "port": 5012,
            "proto": "tcp",
            "src": "10.0.61.3",
            "type": "allow"
          },
          "script": "/var/folders/k7/gcvn2q_x0sv4q78sglqf5p0c0000gn/T/scenarioforge-preview-allow-793857018/seg_allow_1_1.py",
          "service": "Segmentation"
        },
        {
          "node_id": 2,
          "rule": {
            "chain": "FORWARD",
            "dst": "10.188.244.0/24",
            "port": 5012,
            "proto": "tcp",
            "src": "10.0.61.3",
            "type": "allow"
          },
          "script": "/var/folders/k7/gcvn2q_x0sv4q78sglqf5p0c0000gn/T/scenarioforge-preview-allow-793857018/seg_allow_2_1.py",
          "service": "Segmentation"
        },
        {
          "node_id": 3,
          "rule": {
            "chain": "FORWARD",
            "dst": "10.188.244.0/24",
            "port": 5012,
            "proto": "tcp",
            "src": "10.0.61.3",
            "type": "allow"
          },
          "script": "/var/folders/k7/gcvn2q_x0sv4q78sglqf5p0c0000gn/T/scenarioforge-preview-allow-793857018/seg_allow_3_1.py",
          "service": "Segmentation"
        },
        {
          "node_id": 5,
          "rule": {
            "chain": "INPUT",
            "dst": "10.0.61.3",
            "port": 5005,
            "proto": "tcp",
            "src": "0.0.0.0/0",
            "type": "allow"
          },
          "script": "/var/folders/k7/gcvn2q_x0sv4q78sglqf5p0c0000gn/T/scenarioforge-preview-allow-793857018/seg_allow_5_2.py",
          "service": "Segmentation"
        },
        {
          "node_id": 6,
          "rule": {
            "chain": "OUTPUT",
            "dst": "10.0.61.3",
            "port": 5005,
            "proto": "tcp",
            "src": "10.188.244.0/24",
            "type": "allow"
          },
          "script": "/var/folders/k7/gcvn2q_x0sv4q78sglqf5p0c0000gn/T/scenarioforge-preview-allow-793857018/seg_allow_6_1.py",
          "service": "Segmentation"
        },
        {
          "node_id": 1,
          "rule": {
            "chain": "FORWARD",
            "dst": "10.0.61.3",
            "port": 5005,
            "proto": "tcp",
            "src": "0.0.0.0/0",
            "type": "allow"
          },
          "script": "/var/folders/k7/gcvn2q_x0sv4q78sglqf5p0c0000gn/T/scenarioforge-preview-allow-793857018/seg_allow_1_2.py",
          "service": "Segmentation"
        },
        {
          "node_id": 2,
          "rule": {
            "chain": "FORWARD",
            "dst": "10.0.61.3",
            "port": 5005,
            "proto": "tcp",
            "src": "0.0.0.0/0",
            "type": "allow"
          },
          "script": "/var/folders/k7/gcvn2q_x0sv4q78sglqf5p0c0000gn/T/scenarioforge-preview-allow-793857018/seg_allow_2_2.py",
          "service": "Segmentation"
        },
        {
          "node_id": 3,
          "rule": {
            "chain": "FORWARD",
            "dst": "10.0.61.3",
            "port": 5005,
            "proto": "tcp",
            "src": "10.188.244.0/24",
            "type": "allow"
          },
          "script": "/var/folders/k7/gcvn2q_x0sv4q78sglqf5p0c0000gn/T/scenarioforge-preview-allow-793857018/seg_allow_3_2.py",
          "service": "Segmentation"
        },
        {
          "node_id": 7,
          "rule": {
            "chain": "INPUT",
            "dst": "172.22.176.0/24",
            "port": 5007,
            "proto": "tcp",
            "src": "10.188.244.4",
            "type": "allow"
          },
          "script": "/var/folders/k7/gcvn2q_x0sv4q78sglqf5p0c0000gn/T/scenarioforge-preview-allow-793857018/seg_allow_7_1.py",
          "service": "Segmentation"
        },
        {
          "node_id": 9,
          "rule": {
            "chain": "OUTPUT",
            "dst": "172.22.176.0/24",
            "port": 5007,
            "proto": "tcp",
            "src": "10.188.244.4",
            "type": "allow"
          },
          "script": "/var/folders/k7/gcvn2q_x0sv4q78sglqf5p0c0000gn/T/scenarioforge-preview-allow-793857018/seg_allow_9_1.py",
          "service": "Segmentation"
        },
        {
          "node_id": 1,
          "rule": {
            "chain": "FORWARD",
            "dst": "172.22.176.0/24",
            "port": 5007,
            "proto": "tcp",
            "src": "10.188.244.4",
            "type": "allow"
          },
          "script": "/var/folders/k7/gcvn2q_x0sv4q78sglqf5p0c0000gn/T/scenarioforge-preview-allow-793857018/seg_allow_1_3.py",
          "service": "Segmentation"
        },
        {
          "node_id": 2,
          "rule": {
            "chain": "FORWARD",
            "dst": "172.22.176.0/24",
            "port": 5007,
            "proto": "tcp",
            "src": "10.188.244.4",
            "type": "allow"
          },
          "script": "/var/folders/k7/gcvn2q_x0sv4q78sglqf5p0c0000gn/T/scenarioforge-preview-allow-793857018/seg_allow_2_3.py",
          "service": "Segmentation"
        },
        {
          "node_id": 3,
          "rule": {
            "chain": "FORWARD",
            "dst": "172.22.176.0/24",
            "port": 5007,
            "proto": "tcp",
            "src": "10.188.244.4",
            "type": "allow"
          },
          "script": "/var/folders/k7/gcvn2q_x0sv4q78sglqf5p0c0000gn/T/scenarioforge-preview-allow-793857018/seg_allow_3_3.py",
          "service": "Segmentation"
        },
        {
          "node_id": 4,
          "rule": {
            "chain": "INPUT",
            "dst": "172.22.176.0/24",
            "port": 5004,
            "proto": "tcp",
            "src": "10.188.244.5",
            "type": "allow"
          },
          "script": "/var/folders/k7/gcvn2q_x0sv4q78sglqf5p0c0000gn/T/scenarioforge-preview-allow-793857018/seg_allow_4_1.py",
          "service": "Segmentation"
        },
        {
          "node_id": 12,
          "rule": {
            "chain": "OUTPUT",
            "dst": "172.22.176.0/24",
            "port": 5004,
            "proto": "tcp",
            "src": "10.188.244.5",
            "type": "allow"
          },
          "script": "/var/folders/k7/gcvn2q_x0sv4q78sglqf5p0c0000gn/T/scenarioforge-preview-allow-793857018/seg_allow_12_2.py",
          "service": "Segmentation"
        },
        {
          "node_id": 1,
          "rule": {
            "chain": "FORWARD",
            "dst": "172.22.176.0/24",
            "port": 5004,
            "proto": "tcp",
            "src": "10.188.244.5",
            "type": "allow"
          },
          "script": "/var/folders/k7/gcvn2q_x0sv4q78sglqf5p0c0000gn/T/scenarioforge-preview-allow-793857018/seg_allow_1_4.py",
          "service": "Segmentation"
        },
        {
          "node_id": 2,
          "rule": {
            "chain": "FORWARD",
            "dst": "172.22.176.0/24",
            "port": 5004,
            "proto": "tcp",
            "src": "10.188.244.5",
            "type": "allow"
          },
          "script": "/var/folders/k7/gcvn2q_x0sv4q78sglqf5p0c0000gn/T/scenarioforge-preview-allow-793857018/seg_allow_2_4.py",
          "service": "Segmentation"
        },
        {
          "node_id": 3,
          "rule": {
            "chain": "FORWARD",
            "dst": "172.22.176.0/24",
            "port": 5004,
            "proto": "tcp",
            "src": "10.188.244.5",
            "type": "allow"
          },
          "script": "/var/folders/k7/gcvn2q_x0sv4q78sglqf5p0c0000gn/T/scenarioforge-preview-allow-793857018/seg_allow_3_4.py",
          "service": "Segmentation"
        },
        {
          "node_id": 11,
          "rule": {
            "chain": "INPUT",
            "dst": "10.0.61.0/24",
            "port": 5011,
            "proto": "tcp",
            "src": "172.22.176.4",
            "type": "allow"
          },
          "script": "/var/folders/k7/gcvn2q_x0sv4q78sglqf5p0c0000gn/T/scenarioforge-preview-allow-793857018/seg_allow_11_1.py",
          "service": "Segmentation"
        },
        {
          "node_id": 7,
          "rule": {
            "chain": "OUTPUT",
            "dst": "10.0.61.0/24",
            "port": 5011,
            "proto": "tcp",
            "src": "172.22.176.4",
            "type": "allow"
          },
          "script": "/var/folders/k7/gcvn2q_x0sv4q78sglqf5p0c0000gn/T/scenarioforge-preview-allow-793857018/seg_allow_7_2.py",
          "service": "Segmentation"
        },
        {
          "node_id": 1,
          "rule": {
            "chain": "FORWARD",
            "dst": "10.0.61.0/24",
            "port": 5011,
            "proto": "tcp",
            "src": "172.22.176.4",
            "type": "allow"
          },
          "script": "/var/folders/k7/gcvn2q_x0sv4q78sglqf5p0c0000gn/T/scenarioforge-preview-allow-793857018/seg_allow_1_5.py",
          "service": "Segmentation"
        },
        {
          "node_id": 2,
          "rule": {
            "chain": "FORWARD",
            "dst": "10.0.61.0/24",
            "port": 5011,
            "proto": "tcp",
            "src": "172.22.176.4",
            "type": "allow"
          },
          "script": "/var/folders/k7/gcvn2q_x0sv4q78sglqf5p0c0000gn/T/scenarioforge-preview-allow-793857018/seg_allow_2_5.py",
          "service": "Segmentation"
        },
        {
          "node_id": 3,
          "rule": {
            "chain": "FORWARD",
            "dst": "10.0.61.0/24",
            "port": 5011,
            "proto": "tcp",
            "src": "172.22.176.4",
            "type": "allow"
          },
          "script": "/var/folders/k7/gcvn2q_x0sv4q78sglqf5p0c0000gn/T/scenarioforge-preview-allow-793857018/seg_allow_3_5.py",
          "service": "Segmentation"
        }
      ],
      "preview_dir": "/var/folders/k7/gcvn2q_x0sv4q78sglqf5p0c0000gn/T/scenarioforge-preview-traffic-793857018",
      "preview_flows": [
        {
          "content_type": "",
          "dst_id": 12,
          "dst_ip": "10.188.244.5",
          "dst_port": 5012,
          "jitter_pct": 0.0,
          "pattern": "continuous",
          "period_s": 10.0,
          "protocol": "TCP",
          "rate_kbps": 128.0,
          "receiver_script": "/var/folders/k7/gcvn2q_x0sv4q78sglqf5p0c0000gn/T/scenarioforge-preview-traffic-793857018/traffic_12.json",
          "sender_script": "/var/folders/k7/gcvn2q_x0sv4q78sglqf5p0c0000gn/T/scenarioforge-preview-traffic-793857018/traffic_5.json",
          "src_id": 5,
          "src_ip": "10.0.61.3"
        },
        {
          "content_type": "",
          "dst_id": 5,
          "dst_ip": "10.0.61.3",
          "dst_port": 5005,
          "jitter_pct": 0.0,
          "pattern": "continuous",
          "period_s": 10.0,
          "protocol": "TCP",
          "rate_kbps": 128.0,
          "receiver_script": "/var/folders/k7/gcvn2q_x0sv4q78sglqf5p0c0000gn/T/scenarioforge-preview-traffic-793857018/traffic_5.json",
          "sender_script": "/var/folders/k7/gcvn2q_x0sv4q78sglqf5p0c0000gn/T/scenarioforge-preview-traffic-793857018/traffic_6.json",
          "src_id": 6,
          "src_ip": "10.188.244.3"
        },
        {
          "content_type": "",
          "dst_id": 7,
          "dst_ip": "172.22.176.4",
          "dst_port": 5007,
          "jitter_pct": 0.0,
          "pattern": "continuous",
          "period_s": 10.0,
          "protocol": "TCP",
          "rate_kbps": 128.0,
          "receiver_script": "/var/folders/k7/gcvn2q_x0sv4q78sglqf5p0c0000gn/T/scenarioforge-preview-traffic-793857018/traffic_7.json",
          "sender_script": "/var/folders/k7/gcvn2q_x0sv4q78sglqf5p0c0000gn/T/scenarioforge-preview-traffic-793857018/traffic_9.json",
          "src_id": 9,
          "src_ip": "10.188.244.4"
        },
        {
          "content_type": "",
          "dst_id": 7,
          "dst_ip": "172.22.176.4",
          "dst_port": 5008,
          "jitter_pct": 0.0,
          "pattern": "continuous",
          "period_s": 10.0,
          "protocol": "TCP",
          "rate_kbps": 128.0,
          "receiver_script": "/var/folders/k7/gcvn2q_x0sv4q78sglqf5p0c0000gn/T/scenarioforge-preview-traffic-793857018/traffic_7.json",
          "sender_script": "/var/folders/k7/gcvn2q_x0sv4q78sglqf5p0c0000gn/T/scenarioforge-preview-traffic-793857018/traffic_10.json",
          "src_id": 10,
          "src_ip": "172.22.176.5"
        },
        {
          "content_type": "",
          "dst_id": 13,
          "dst_ip": "172.22.176.6",
          "dst_port": 5013,
          "jitter_pct": 0.0,
          "pattern": "continuous",
          "period_s": 10.0,
          "protocol": "TCP",
          "rate_kbps": 128.0,
          "receiver_script": "/var/folders/k7/gcvn2q_x0sv4q78sglqf5p0c0000gn/T/scenarioforge-preview-traffic-793857018/traffic_13.json",
          "sender_script": "/var/folders/k7/gcvn2q_x0sv4q78sglqf5p0c0000gn/T/scenarioforge-preview-traffic-793857018/traffic_4.json",
          "src_id": 4,
          "src_ip": "172.22.176.3"
        },
        {
          "content_type": "",
          "dst_id": 4,
          "dst_ip": "172.22.176.3",
          "dst_port": 5004,
          "jitter_pct": 0.0,
          "pattern": "continuous",
          "period_s": 10.0,
          "protocol": "TCP",
          "rate_kbps": 128.0,
          "receiver_script": "/var/folders/k7/gcvn2q_x0sv4q78sglqf5p0c0000gn/T/scenarioforge-preview-traffic-793857018/traffic_4.json",
          "sender_script": "/var/folders/k7/gcvn2q_x0sv4q78sglqf5p0c0000gn/T/scenarioforge-preview-traffic-793857018/traffic_12.json",
          "src_id": 12,
          "src_ip": "10.188.244.5"
        },
        {
          "content_type": "",
          "dst_id": 11,
          "dst_ip": "10.0.61.5",
          "dst_port": 5011,
          "jitter_pct": 0.0,
          "pattern": "continuous",
          "period_s": 10.0,
          "protocol": "TCP",
          "rate_kbps": 128.0,
          "receiver_script": "/var/folders/k7/gcvn2q_x0sv4q78sglqf5p0c0000gn/T/scenarioforge-preview-traffic-793857018/traffic_11.json",
          "sender_script": "/var/folders/k7/gcvn2q_x0sv4q78sglqf5p0c0000gn/T/scenarioforge-preview-traffic-793857018/traffic_7.json",
          "src_id": 7,
          "src_ip": "172.22.176.4"
        }
      ],
      "preview_flows_total": 7,
      "preview_flows_truncated": false,
      "runtime_copied": true,
      "runtime_dir": "/tmp/traffic",
      "scripts_hash_sha256": "e3b0c44298fc1c149afbf4c8996fb92427ae41e4649b934ca495991b7852b855"
    },
    "traffic_summary": {
      "count": 7,
      "flows": [
        {
          "content_type": "",
          "dst_id": 12,
          "dst_ip": "10.188.244.5",
          "dst_port": 5012,
          "jitter_pct": 0.0,
          "pattern": "continuous",
          "period_s": 10.0,
          "protocol": "TCP",
          "rate_kbps": 128.0,
          "receiver_script": "/var/folders/k7/gcvn2q_x0sv4q78sglqf5p0c0000gn/T/scenarioforge-preview-traffic-793857018/traffic_12.json",
          "sender_script": "/var/folders/k7/gcvn2q_x0sv4q78sglqf5p0c0000gn/T/scenarioforge-preview-traffic-793857018/traffic_5.json",
          "src_id": 5,
          "src_ip": "10.0.61.3"
        },
        {
          "content_type": "",
          "dst_id": 5,
          "dst_ip": "10.0.61.3",
          "dst_port": 5005,
          "jitter_pct": 0.0,
          "pattern": "continuous",
          "period_s": 10.0,
          "protocol": "TCP",
          "rate_kbps": 128.0,
          "receiver_script": "/var/folders/k7/gcvn2q_x0sv4q78sglqf5p0c0000gn/T/scenarioforge-preview-traffic-793857018/traffic_5.json",
          "sender_script": "/var/folders/k7/gcvn2q_x0sv4q78sglqf5p0c0000gn/T/scenarioforge-preview-traffic-793857018/traffic_6.json",
          "src_id": 6,
          "src_ip": "10.188.244.3"
        },
        {
          "content_type": "",
          "dst_id": 7,
          "dst_ip": "172.22.176.4",
          "dst_port": 5007,
          "jitter_pct": 0.0,
          "pattern": "continuous",
          "period_s": 10.0,
          "protocol": "TCP",
          "rate_kbps": 128.0,
          "receiver_script": "/var/folders/k7/gcvn2q_x0sv4q78sglqf5p0c0000gn/T/scenarioforge-preview-traffic-793857018/traffic_7.json",
          "sender_script": "/var/folders/k7/gcvn2q_x0sv4q78sglqf5p0c0000gn/T/scenarioforge-preview-traffic-793857018/traffic_9.json",
          "src_id": 9,
          "src_ip": "10.188.244.4"
        },
        {
          "content_type": "",
          "dst_id": 7,
          "dst_ip": "172.22.176.4",
          "dst_port": 5008,
          "jitter_pct": 0.0,
          "pattern": "continuous",
          "period_s": 10.0,
          "protocol": "TCP",
          "rate_kbps": 128.0,
          "receiver_script": "/var/folders/k7/gcvn2q_x0sv4q78sglqf5p0c0000gn/T/scenarioforge-preview-traffic-793857018/traffic_7.json",
          "sender_script": "/var/folders/k7/gcvn2q_x0sv4q78sglqf5p0c0000gn/T/scenarioforge-preview-traffic-793857018/traffic_10.json",
          "src_id": 10,
          "src_ip": "172.22.176.5"
        },
        {
          "content_type": "",
          "dst_id": 13,
          "dst_ip": "172.22.176.6",
          "dst_port": 5013,
          "jitter_pct": 0.0,
          "pattern": "continuous",
          "period_s": 10.0,
          "protocol": "TCP",
          "rate_kbps": 128.0,
          "receiver_script": "/var/folders/k7/gcvn2q_x0sv4q78sglqf5p0c0000gn/T/scenarioforge-preview-traffic-793857018/traffic_13.json",
          "sender_script": "/var/folders/k7/gcvn2q_x0sv4q78sglqf5p0c0000gn/T/scenarioforge-preview-traffic-793857018/traffic_4.json",
          "src_id": 4,
          "src_ip": "172.22.176.3"
        },
        {
          "content_type": "",
          "dst_id": 4,
          "dst_ip": "172.22.176.3",
          "dst_port": 5004,
          "jitter_pct": 0.0,
          "pattern": "continuous",
          "period_s": 10.0,
          "protocol": "TCP",
          "rate_kbps": 128.0,
          "receiver_script": "/var/folders/k7/gcvn2q_x0sv4q78sglqf5p0c0000gn/T/scenarioforge-preview-traffic-793857018/traffic_4.json",
          "sender_script": "/var/folders/k7/gcvn2q_x0sv4q78sglqf5p0c0000gn/T/scenarioforge-preview-traffic-793857018/traffic_12.json",
          "src_id": 12,
          "src_ip": "10.188.244.5"
        },
        {
          "content_type": "",
          "dst_id": 11,
          "dst_ip": "10.0.61.5",
          "dst_port": 5011,
          "jitter_pct": 0.0,
          "pattern": "continuous",
          "period_s": 10.0,
          "protocol": "TCP",
          "rate_kbps": 128.0,
          "receiver_script": "/var/folders/k7/gcvn2q_x0sv4q78sglqf5p0c0000gn/T/scenarioforge-preview-traffic-793857018/traffic_11.json",
          "sender_script": "/var/folders/k7/gcvn2q_x0sv4q78sglqf5p0c0000gn/T/scenarioforge-preview-traffic-793857018/traffic_7.json",
          "src_id": 7,
          "src_ip": "172.22.176.4"
        }
      ]
    },
    "vulnerabilities_by_node": {
      "11": [
        "drupal/CVE-2019-6341"
      ]
    },
    "vulnerabilities_plan": {
      "drupal/CVE-2019-6341": 1
    },
    "vulnerabilities_preview": {
      "11": [
        "drupal/CVE-2019-6341"
      ]
    }
  },
  "ok": true,
  "phase": "preview-plan",
  "plan": {
    "breakdowns": {
      "flag_node_generators": {
        "base_host_pool": 7,
        "density": 0.0,
        "derived_pool": 0,
        "explicit_abs_total": 3,
        "final_total": 3,
        "has_weight_based": false,
        "items": [
          {
            "abs_count": 1,
            "factor": 1.0,
            "kind": "Specific",
            "metric": "count",
            "name": "ssh_password_finance_terminal"
          },
          {
            "abs_count": 1,
            "factor": 1.0,
            "kind": "Specific",
            "metric": "count",
            "name": "git_http_bare_repo"
          },
          {
            "abs_count": 1,
            "factor": 1.0,
            "kind": "Specific",
            "metric": "count",
            "name": "git_deploy_key_repo"
          }
        ],
        "random_abs_count": 0,
        "random_defaults": [
          "SSHCreds",
          "Bashbug",
          "FileArtifact",
          "Incompetence"
        ],
        "random_weight_factor": 0.0,
        "resolved_density_allocation": {},
        "total_weight_factor": 0
      },
      "node": {
        "additive_nodes": 4,
        "allowed_roles": [
          "Docker",
          "FlagGenSlot",
          "PC",
          "Server",
          "VulnerabilitySlot",
          "Workstation"
        ],
        "base_nodes": 7,
        "combined_nodes": 11,
        "count_rows": 0,
        "docker_capacity_repair": {
          "added_docker_hosts": 4,
          "challenge_capacity": 4,
          "current_docker_hosts": 0,
          "flag_gen_slots": 0,
          "required_docker_hosts": 4,
          "required_flag_node_generator_hosts": 0,
          "required_vulnerability_hosts": 4,
          "vulnerability_slots": 0
        },
        "expanded_defaults": [
          "Server",
          "Workstation",
          "PC"
        ],
        "expanded_weight_items": [
          [
            "Workstation",
            1.0
          ]
        ],
        "normalized": true,
        "random_count_total": 0,
        "random_weight_factor": 0.0,
        "weight_rows": 1,
        "weight_sum": 1.0
      },
      "pivoting": {
        "density": 1.0,
        "items_count": 1,
        "raw_items_serialized": [
          {
            "access_provider": "ssh-fallback",
            "exposure": "pivot-only",
            "factor": 1.0,
            "pivot_node": "",
            "pivot_role": "",
            "selected": "Firewall",
            "source_scope": "host",
            "target_node": "",
            "target_ports": "",
            "target_protocols": "",
            "target_role": ""
          }
        ]
      },
      "router": {
        "count_based_component": 3,
        "density_component": 0,
        "density_raw": 0.0,
        "effective_base": 7,
        "final_router_count": 3,
        "has_weight_based": false,
        "items": [
          {
            "abs_count": 3,
            "classification": "count",
            "factor": 0.0,
            "index": 0,
            "protocol": ""
          }
        ],
        "random_defaults": [
          "RIP",
          "RIPNG",
          "BGP",
          "OSPFv2",
          "OSPFv3"
        ],
        "random_weight_factor": 0.0,
        "routing_density_input": 0.0,
        "routing_items_count": 1,
        "simple_plan": {}
      },
      "segmentation": {
        "accessible_by_pivot": true,
        "density": 0.45,
        "expanded_items": [
          {
            "factor": 1.0,
            "name": "Firewall"
          },
          {
            "factor": 1.0,
            "name": "NAT"
          }
        ],
        "expanded_random_defaults": [
          "Firewall",
          "NAT",
          "CUSTOM"
        ],
        "items": [
          {
            "factor": 1.0,
            "name": "Firewall"
          },
          {
            "factor": 1.0,
            "name": "NAT"
          }
        ],
        "raw_items_serialized": [
          {
            "abs_count": 1,
            "factor": 1.0,
            "selected": "Firewall"
          },
          {
            "abs_count": 1,
            "factor": 1.0,
            "selected": "NAT"
          }
        ],
        "raw_slots": 0.0,
        "settings": {
          "accessible_by_pivot": true,
          "allow_dst_subnet_prob": 0.3,
          "allow_src_subnet_prob": 0.3,
          "dnat_probability": 0.0,
          "include_hosts": false,
          "nat_mode": "SNAT",
          "pivot_provider": "ssh"
        },
        "slots": 0,
        "weight_items_present": false
      },
      "services": {
        "base_host_pool": 7,
        "random_abs_aggregated": 0,
        "random_defaults": [
          "SSH",
          "HTTP",
          "DHCPClient"
        ],
        "random_density_aggregated": 0.0,
        "services": {
          "HTTP": {
            "mode": "abs",
            "value": 3
          },
          "SSH": {
            "mode": "abs",
            "value": 3
          }
        },
        "services_total": 6
      },
      "traffic": {
        "count": 3,
        "default_rate_kbps": 128,
        "random_abs_aggregated": 0,
        "random_defaults": [
          "TCP",
          "UDP",
          "CUSTOM"
        ],
        "random_factor_aggregated": 2.0,
        "traffic_density_input": 0.85
      },
      "vulnerabilities": {
        "base_host_pool": 7,
        "density": 0.0,
        "derived_pool": 0,
        "docker_capacity_repair": {
          "added_docker_hosts": 4,
          "challenge_capacity": 4,
          "current_docker_hosts": 0,
          "flag_gen_slots": 0,
          "required_docker_hosts": 4,
          "required_flag_node_generator_hosts": 0,
          "required_vulnerability_hosts": 4,
          "vulnerability_slots": 0
        },
        "explicit_abs_total": 1,
        "final_total": 1,
        "has_weight_based": false,
        "items": [
          {
            "abs_count": 1,
            "factor": 1.0,
            "kind": "Specific",
            "metric": "count",
            "name": "drupal/CVE-2019-6341"
          }
        ],
        "random_abs_count": 0,
        "random_defaults": [
          "httpd/CVE-2017-15715",
          "apereo-cas/4.1-rce",
          "weblogic/CVE-2018-2628",
          "couchdb/CVE-2017-12636",
          "rails/CVE-2019-5418",
          "nexus/CVE-2019-7238",
          "adminer/CVE-2021-43008",
          "php/CVE-2012-1823",
          "redis/CVE-2022-0543",
          "tomcat/tomcat8",
          "neo4j/CVE-2021-34371",
          "celery/celery3_redis_unauth",
          "samba/CVE-2017-7494",
          "yapi/unacc",
          "rocketchat/CVE-2021-22911",
          "struts2/s2-048",
          "xxl-job/unacc",
          "drupal/CVE-2014-3704",
          "uwsgi/unacc",
          "metabase/CVE-2021-41277",
          "superset/CVE-2023-27524",
          "nginx/CVE-2017-7529",
          "liferay-portal/CVE-2020-7961",
          "java/rmi-codebase",
          "influxdb/CVE-2019-20933",
          "weblogic/CVE-2023-21839",
          "phpmyadmin/CVE-2016-5734",
          "discuz/wooyun-2010-080723",
          "flask/ssti",
          "confluence/CVE-2021-26084",
          "livewire/CVE-2025-54068",
          "gogs/CVE-2018-18925",
          "activemq/CVE-2022-41678",
          "libssh/CVE-2018-10933",
          "mongo-express/CVE-2019-10758",
          "craftcms/CVE-2024-56145",
          "erlang/CVE-2025-32433",
          "jupyter/notebook-rce",
          "glassfish/CVE-2017-1000028",
          "spring/CVE-2017-4971",
          "jenkins/CVE-2017-1000353",
          "jetty/CVE-2021-34429",
          "jboss/CVE-2017-7504",
          "confluence/CVE-2023-22515",
          "struts2/s2-046",
          "cmsms/CVE-2019-9053",
          "coldfusion/CVE-2017-3066",
          "fastjson/1.2.47-rce",
          "spring/CVE-2022-22978",
          "electron/CVE-2018-15685",
          "metersphere/CVE-2021-45788",
          "kkfileview/4.3-zipslip-rce",
          "mysql/CVE-2012-2122",
          "cacti/CVE-2023-39361",
          "zabbix/CVE-2020-11800",
          "docker/unauthorized-rce",
          "apisix/CVE-2020-13945",
          "jimureport/CVE-2023-4450",
          "struts2/s2-059",
          "ffmpeg/CVE-2017-9993",
          "solr/CVE-2019-17558",
          "weblogic/ssrf",
          "mini_httpd/CVE-2018-18778",
          "django/CVE-2017-12794",
          "gitea/1.4-rce",
          "gitlist/CVE-2018-1000533",
          "solr/CVE-2019-0193",
          "hertzbeat/CVE-2024-42323",
          "struts2/s2-005",
          "ofbiz/CVE-2023-51467",
          "jackson/CVE-2017-7525",
          "activemq/CVE-2016-3088",
          "kibana/CVE-2020-7012",
          "confluence/CVE-2022-26134",
          "ofbiz/CVE-2020-9496",
          "imagemagick/CVE-2022-44268",
          "spring/CVE-2022-22963",
          "apache-druid/CVE-2021-25646",
          "electron/CVE-2018-1000006",
          "xstream/CVE-2021-21351",
          "activemq/CVE-2023-46604",
          "geoserver/CVE-2021-40822",
          "unomi/CVE-2020-13942",
          "saltstack/CVE-2020-11651",
          "ofbiz/CVE-2024-45507",
          "craftcms/CVE-2025-32432",
          "joomla/CVE-2015-8562",
          "teamcity/CVE-2023-42793",
          "cgi/CVE-2016-5385",
          "tomcat/CVE-2017-12615",
          "elasticsearch/CVE-2015-3337",
          "phpmyadmin/CVE-2018-12613",
          "couchdb/CVE-2022-24706",
          "struts2/s2-001",
          "openfire/CVE-2023-32315",
          "grafana/admin-ssrf",
          "joomla/CVE-2017-8917",
          "opentsdb/CVE-2020-35476",
          "scrapy/scrapyd-unacc",
          "elasticsearch/WooYun-2015-110216",
          "struts2/s2-015",
          "php/inclusion",
          "spring/CVE-2017-8046",
          "phpmyadmin/WooYun-2016-199433",
          "spring/CVE-2016-4977",
          "kibana/CVE-2019-7609",
          "imagemagick/CVE-2016-3714",
          "php/8.1-backdoor",
          "elasticsearch/CVE-2014-3120",
          "langflow/CVE-2025-3248",
          "skywalking/8.3.0-sqli",
          "aria2/rce",
          "struts2/s2-053",
          "gradio/CVE-2023-51449",
          "httpd/CVE-2021-41773",
          "airflow/CVE-2020-11981",
          "rocketmq/CVE-2023-37582",
          "jenkins/CVE-2024-23897",
          "struts2/s2-009",
          "django/CVE-2022-34265",
          "confluence/CVE-2019-3396",
          "jboss/CVE-2017-12149",
          "joomla/CVE-2023-23752",
          "flink/CVE-2020-17519",
          "thinkphp/lang-rce",
          "log4j/CVE-2021-44228",
          "cacti/CVE-2025-24367",
          "python/PIL-CVE-2017-8291",
          "tomcat/CVE-2020-1938",
          "minio/CVE-2023-28432",
          "hugegraph/CVE-2024-43441",
          "h2database/CVE-2021-42392",
          "gitlab/CVE-2021-22205",
          "struts2/s2-007",
          "zabbix/CVE-2016-10134",
          "rocketmq/CVE-2023-33246",
          "ofbiz/CVE-2023-49070",
          "weblogic/CVE-2018-2894",
          "log4j/CVE-2017-5645",
          "activemq/CVE-2015-5254",
          "shiro/CVE-2020-1957",
          "nacos/CVE-2021-29442",
          "1panel/CVE-2024-39907",
          "appweb/CVE-2018-8715",
          "shiro/CVE-2010-3863",
          "httpd/apache_parsing_vulnerability",
          "pgadmin/CVE-2025-13780",
          "struts2/s2-012",
          "thinkphp/in-sqlinjection",
          "struts2/s2-008",
          "kibana/CVE-2018-17246",
          "webmin/CVE-2019-15107",
          "struts2/s2-013",
          "uwsgi/CVE-2018-7490",
          "git/CVE-2017-8386",
          "elfinder/CVE-2021-32682",
          "adminer/CVE-2021-21311",
          "aj-report/CNVD-2024-15077",
          "vite/CNVD-2022-44615",
          "grafana/CVE-2021-43798",
          "spark/unacc",
          "goahead/CVE-2017-17562",
          "showdoc/3.2.5-sqli",
          "superset/CVE-2023-37941",
          "ruby/CVE-2017-17405",
          "react/CVE-2025-55182",
          "metersphere/plugin-rce",
          "ghostscript/CVE-2018-19475",
          "pgadmin/CVE-2022-4223",
          "hadoop/unauthorized-yarn",
          "django/CVE-2019-14234",
          "thinkphp/5-rce",
          "ecshop/collection_list-sqli",
          "httpd/ssi-rce",
          "tikiwiki/CVE-2020-15906",
          "xstream/CVE-2021-29505",
          "spring/CVE-2018-1270",
          "coldfusion/CVE-2023-26360",
          "metabase/CVE-2023-38646",
          "nexus/CVE-2024-4956",
          "zabbix/CVE-2017-2824",
          "solr/CVE-2017-12629-XXE",
          "openssl/CVE-2022-0778",
          "solr/CVE-2017-12629-RCE",
          "airflow/CVE-2020-11978",
          "struts2/s2-052",
          "php/CVE-2024-2961",
          "coldfusion/CVE-2010-2861",
          "jumpserver/CVE-2023-42820",
          "mojarra/jsf-viewstate-deserialization",
          "fastjson/1.2.24-rce",
          "rails/CVE-2018-3760",
          "phpunit/CVE-2017-9841",
          "nginx/nginx_parsing_vulnerability",
          "cmsms/CVE-2021-26120",
          "drupal/CVE-2019-6341",
          "ghostscript/CVE-2018-16509",
          "cups-browsed/CVE-2024-47177",
          "librsvg/CVE-2023-38633",
          "thinkphp/5.0.23-rce",
          "saltstack/CVE-2020-16846",
          "struts2/s2-057",
          "spring/CVE-2018-1273",
          "weblogic/weak_password",
          "jboss/JMXInvokerServlet-deserialization",
          "confluence/CVE-2023-22527",
          "jira/CVE-2019-11581",
          "nginx/CVE-2013-4547",
          "saltstack/CVE-2020-11652",
          "wordpress/pwnscriptum",
          "ecshop/xianzhi-2017-02-82239600",
          "laravel/CVE-2021-3129",
          "bash/CVE-2014-6271",
          "ntopng/CVE-2021-28073",
          "vite/CVE-2025-30208",
          "showdoc/CNVD-2020-26585",
          "drupal/CVE-2018-7600",
          "weblogic/CVE-2017-10271",
          "dubbo/CVE-2019-17564",
          "discuz/x3.4-arbitrary-file-deletion",
          "coldfusion/CVE-2023-29300",
          "apisix/CVE-2021-45232",
          "thinkphp/2-rce",
          "pdfjs/CVE-2024-4367",
          "geoserver/CVE-2023-25157",
          "openssl/CVE-2014-0160",
          "httpd/CVE-2021-42013",
          "opensmtpd/CVE-2020-7247",
          "php/xdebug-rce",
          "pgadmin/CVE-2023-5002",
          "gitlab/CVE-2016-9086",
          "polkit/CVE-2021-4034",
          "python/PIL-CVE-2018-16509",
          "php/php_xxe",
          "geoserver/CVE-2024-36401",
          "php/CVE-2019-11043",
          "ingress-nginx/CVE-2025-1974",
          "openssh/CVE-2018-15473",
          "jetty/CVE-2021-28169",
          "cacti/CVE-2022-46169",
          "airflow/CVE-2020-17526",
          "flink/CVE-2020-17518",
          "jetty/CVE-2021-28164",
          "spring/CVE-2022-22947",
          "struts2/s2-067",
          "geoserver/CVE-2022-24816",
          "struts2/s2-032",
          "pgadmin/CVE-2025-2945",
          "magento/2.2-sqli",
          "drupal/CVE-2017-6920",
          "solr/Remote-Streaming-Fileread",
          "spring/CVE-2022-22965",
          "django/CVE-2021-35042",
          "next.js/CVE-2025-29927",
          "tomcat/CVE-2025-24813",
          "python/CVE-2024-23334",
          "couchdb/CVE-2017-12635",
          "ofbiz/CVE-2024-45195",
          "opentsdb/CVE-2023-25826",
          "yapi/mongodb-inj",
          "craftcms/CVE-2023-41892",
          "struts2/s2-061",
          "shiro/CVE-2016-4437",
          "kafka/CVE-2023-25194",
          "v2board/1.6-privilege-escalation",
          "h2database/CVE-2018-10054",
          "php/CVE-2018-19518",
          "httpd/CVE-2021-40438",
          "elasticsearch/CVE-2015-5531",
          "nginx/insecure-configuration",
          "struts2/s2-066",
          "redis/4-unacc",
          "drupal/CVE-2019-6339",
          "postgres/CVE-2018-1058",
          "gradio/CVE-2024-1561",
          "ghostscript/CVE-2019-6116",
          "weblogic/CVE-2020-14882",
          "imagemagick/CVE-2020-29599",
          "h2database/CVE-2022-23221",
          "postgres/CVE-2019-9193",
          "apache-cxf/CVE-2024-28752",
          "ffmpeg/CVE-2016-1897",
          "goahead/CVE-2021-42342",
          "dns/dns-zone-transfer",
          "drupal/CVE-2018-7602",
          "django/CVE-2020-9402",
          "php/fpm",
          "jenkins/CVE-2018-1000861",
          "elasticsearch/CVE-2015-1427",
          "struts2/s2-045",
          "hugegraph/CVE-2024-27348",
          "ofbiz/CVE-2024-38856"
        ],
        "random_weight_factor": 0.0,
        "resolved_density_allocation": {},
        "total_weight_factor": 0
      }
    },
    "density_base": 7,
    "docker_capacity_repair": {
      "added_docker_hosts": 4,
      "challenge_capacity": 4,
      "current_docker_hosts": 0,
      "flag_gen_slots": 0,
      "required_docker_hosts": 4,
      "required_flag_node_generator_hosts": 0,
      "required_vulnerability_hosts": 4,
      "vulnerability_slots": 0
    },
    "flag_node_generator_items_raw": [
      {
        "factor": 1.0,
        "g_id": "ssh_password_finance_terminal",
        "g_name": "SSH: Password Finance Terminal",
        "selected": "Specific",
        "v_count": 1,
        "v_metric": "Count"
      },
      {
        "factor": 1.0,
        "g_id": "git_http_bare_repo",
        "g_name": "Git: HTTP Bare Repository",
        "selected": "Specific",
        "v_count": 1,
        "v_metric": "Count"
      },
      {
        "factor": 1.0,
        "g_id": "git_deploy_key_repo",
        "g_name": "Git: Deploy Key Repository",
        "selected": "Specific",
        "v_count": 1,
        "v_metric": "Count"
      }
    ],
    "flag_node_generator_plan": {
      "git_deploy_key_repo": 1,
      "git_http_bare_repo": 1,
      "ssh_password_finance_terminal": 1
    },
    "pivoting_items_raw": [
      {
        "abs_count": 1,
        "access_provider": "ssh-fallback",
        "entry_ports": "",
        "exposure": "pivot-only",
        "factor": 1.0,
        "name": "Firewall",
        "origin": "segmentation",
        "pivot_node": "",
        "pivot_role": "",
        "produces": "",
        "requires": "",
        "source_scope": "host",
        "target_node": "",
        "target_ports": "",
        "target_protocols": "",
        "target_role": ""
      }
    ],
    "pivoting_plan": {
      "density": 1.0,
      "items_count": 1,
      "raw_items_serialized": [
        {
          "access_provider": "ssh-fallback",
          "exposure": "pivot-only",
          "factor": 1.0,
          "pivot_node": "",
          "pivot_role": "",
          "selected": "Firewall",
          "source_scope": "host",
          "target_node": "",
          "target_ports": "",
          "target_protocols": "",
          "target_role": ""
        }
      ]
    },
    "role_counts": {
      "Docker": 4,
      "Workstation": 7
    },
    "role_counts_raw": {
      "Workstation": 7
    },
    "routers_planned": 3,
    "routing_density": 0.0,
    "routing_items": [
      {
        "abs_count": 3,
        "factor": 0.0,
        "protocol": "",
        "r2r_edges": 0,
        "r2r_mode": "",
        "r2s_edges": 0,
        "r2s_hosts_max": 0,
        "r2s_hosts_min": 0,
        "r2s_mode": ""
      }
    ],
    "seed": 793857018,
    "segmentation_items_raw": [
      {
        "abs_count": 1,
        "factor": 1.0,
        "name": "Firewall"
      },
      {
        "abs_count": 1,
        "factor": 1.0,
        "name": "NAT"
      }
    ],
    "segmentation_plan": {},
    "service_plan": {
      "HTTP": 3,
      "SSH": 3
    },
    "traffic_plan": [
      {
        "abs_count": 0,
        "content": "text",
        "factor": 0.6666666666666666,
        "kind": "TCP",
        "pattern": "continuous",
        "rate_kbps": 128
      },
      {
        "abs_count": 0,
        "content": "text",
        "factor": 0.6666666666666666,
        "kind": "UDP",
        "pattern": "continuous",
        "rate_kbps": 128
      },
      {
        "abs_count": 0,
        "content": "text",
        "factor": 0.6666666666666666,
        "kind": "CUSTOM",
        "pattern": "continuous",
        "rate_kbps": 128
      }
    ],
    "vulnerability_flag_type": "text",
    "vulnerability_items_raw": [
      {
        "factor": 1.0,
        "selected": "Specific",
        "v_count": 1,
        "v_metric": "Count",
        "v_name": "drupal/CVE-2019-6341",
        "v_path": "/Users/jcacosta/Documents/GitHub/scenarioforge/outputs/installed_vuln_catalogs/05-27-26-14-40-12-f61521/content/vulhub/drupal/CVE-2019-6341/docker-compose.yml"
      }
    ],
    "vulnerability_plan": {
      "drupal/CVE-2019-6341": 1
    }
  },
  "preview_plan_path": "/Users/jcacosta/Documents/GitHub/scenarioforge-eval/verify-supply-fix/dataset-segmented-firewall-pivot_run02/scenario.xml",
  "scenario": "datasetsegmentedfirewallpivotrun02",
  "seed": 793857018,
  "xml_path": "/Users/jcacosta/Documents/GitHub/scenarioforge-eval/verify-supply-fix/dataset-segmented-firewall-pivot_run02/scenario.xml"
}
